"Reference","Qty","Value","DNP","Exclude from BOM","Exclude from Board","Footprint","Datasheet","Distributor","Distributor Link","JLCPCB Part #","Manufacturer","MPN","Description"
"Q1","1","S9013-E","","","","Package_TO_SOT_SMD:SOT-23","https://www.lcsc.com/datasheet/C41371419.pdf?spm=wm.sxq.inf.ggs___wm.fly.bg.0.xh&lcsc_vid=RlRYUFFURFcNVFIDFVMMXgZSRlJeUABSQVNfAwJfQwIxVlNeTllWXldeQVJYVTsOAxUeFF5JWBYZEEoKFBINSQcJGk4eFQsCAgIaSgADAwAHC0skHhEBCwUUWjUcBgoVHhIaCBYVWiMkMzsrMyVDKg0FBQ4KDgsCEkwrCwEFAxMBCQ0FBEw9XlRXRD4tU1dXQFBcSQwSGg0%3D","LCSC","https://www.lcsc.com/product-detail/C41371419.html","C41371419","MDD(Microdiode Semiconductor)","S9013-E","TRANS NPN 25V 0.5A SOT-23"
"X2","1","32kHz768","","","","Crystal:Crystal_SMD_2012-2Pin_2.0x1.2mm","https://www.lcsc.com/datasheet/C891748.pdf?spm=wm.sxq.inf.ggs___wm.fly.bg.0.xh&lcsc_vid=RlRYUFFURFcNVFIDFVMMXgZSRlJeUABSQVNfAwJfQwIxVlNeTldcXlVQRFddVjsOAxUeFF5JWBYZEEoKFBINSQcJGk4eFQsCAgIaSgADAwAHC0slRFBXUFJeQ08GEwkK","LCSC","https://www.lcsc.com/product-detail/C891748.html","C891748","NDK","NX2012SA-32.768KHZ-STD-MUB-2","CRYSTAL 32.768kHz SMD"
"X1","1","32MHz","","","","Crystal:Crystal_SMD_2016-4Pin_2.0x1.6mm","https://www.lcsc.com/datasheet/C5441424.pdf?spm=wm.sxq.inf.ggs&lcsc_vid=RlRYUFFURFcNVFIDFVMMXgZSRlJeUABSQVNfAwJfQwIxVlNeTldcXlVeQlNWUDtW","LCSC","https://www.lcsc.com/product-detail/C5441424.html","C5441424","NDK","NX2016SA-32MHZ-EXS00A-CS06654","CRYSTAL 32MHz 8pF SMD"
"U4","1","STM32WB55CEU6","","","","Package_DFN_QFN:QFN-48-1EP_7x7mm_P0.5mm_EP5.6x5.6mm","https://www.st.com/resource/en/datasheet/stm32wb55ce.pdf","LCSC","https://www.lcsc.com/product-detail/C911135.html","C911135","ST","STM32WB55CEU6","STMicroelectronics Arm Cortex-M4 MCU, 512KB flash, 256KB RAM, 64 MHz, 1.71-3.6V, 30 GPIO, UFQFPN48"
"U2,U3","2","USBLC6-2SC6","","","","Package_TO_SOT_SMD:SOT-23-6","https://www.st.com/resource/en/datasheet/usblc6-2.pdf","LCSC","https://www.lcsc.com/product-detail/C7519.html","C7519","ST","USBLC6-2SC6","Very low capacitance ESD protection diode, 2 data-line, SOT-23-6"
"U1","1","MIC5365-3.3YD5","","","","Package_TO_SOT_SMD:TSOT-23-5","https://ww1.microchip.com/downloads/aemDocuments/documents/APID/ProductDocuments/DataSheets/MIC5365-6-High-Performance-Single-150mA-LDO-DS20006605A.pdf","LCSC","https://www.lcsc.com/product-detail/C626098.html","C626098","MICROCHIP","MIC5365-3.3YD5-TR","150mA Low-dropout Voltage Regulator, Vout 3.3V, Vin up to 5.5V, TSOT-23-5"
"SW1,SW2","2","B3U-1000P","","","","#stm32-bt-board-external-footprints:B3U-1000P","https://www.lcsc.com/datasheet/C231329.pdf?spm=wm.sxq.inf.ggs___wm.fly.bg.0.xh&lcsc_vid=RlRYUFFURFcNVFIDFVMMXgZSRlJeUABSQVNfAwJfQwIxVlNeTllXUlNQR1dcUzsOAxUeFF5JWBYZEEoKFBINSQcJGk4eFQsCAgIaSgADAwAHC0slRFBXUFJeQ08GEwkK","LCSC","https://www.lcsc.com/product-detail/C231329.html","C231329","OMRON","B3U-1000P","SWITCH TACTILE SPST 153gf SMD"
"R6","1","100k","","","","Resistor_SMD:R_0402_1005Metric","https://www.lcsc.com/datasheet/C60491.pdf","LCSC","https://www.lcsc.com/product-detail/C60491.html","C60491","YAGEO","RC0402FR-07100KL","RES 100kΩ ±1% 62.5mW 0402"
"R5,R8,R9,R13,R16","5","5k1","","","","Resistor_SMD:R_0402_1005Metric","https://www.lcsc.com/datasheet/C105872.pdf","LCSC","https://www.lcsc.com/product-detail/C105872.html","C105872","YAGEO","RC0402FR-075K1L","RES 5.1kΩ ±1% 62.5mW 0402"
"R4,R7,R10,R11","4","220R","","","","Resistor_SMD:R_0402_1005Metric","https://www.lcsc.com/datasheet/C2909336.pdf","LCSC","https://www.lcsc.com/product-detail/C2909336.html","C2909336","FOJAN","FRC0402F2200TS","RES 220Ω ±1% 62.5mW 0402"
"R1,R2,R3","3","0R","","","","Resistor_SMD:R_0402_1005Metric","https://www.lcsc.com/datasheet/C190119.pdf","LCSC","https://www.lcsc.com/product-detail/C190119.html","C190119","VISHAY","CRCW04020000Z0ED","RES 0Ω 62.5mW 0402"
"L3","1","2n7","","","","Inductor_SMD:L_0402_1005Metric","https://www.lcsc.com/datasheet/C77108.pdf?spm=wm.sxq.inf.ggs___wm.fly.bg.0.xh&lcsc_vid=RFZeBFxfRgVYUFRXRFhXUVRVQQJeUAdXQ1FaBAZQEgAxVlNRTlheXlBXRFFfVjsOAxUeFF5JWBYZEEoKFBINSQcJGk4dAgUUFAk%3D","LCSC","https://www.lcsc.com/product-detail/C77108.html","C77108","muRata","LQG15HS2N7S02D","FIXED IND 2.7nH 800mA 120mΩ 0402"
"L2","1","10u","","","","Inductor_SMD:L_0805_2012Metric","https://www.lcsc.com/datasheet/C162582.pdf","LCSC","https://www.lcsc.com/product-detail/C162582.html","C162582","muRata","LQM21FN100M80L","FIXED IND 10uH 100mA 390mΩ 0805"
"L1","1","10n","","","","Inductor_SMD:L_0402_1005Metric","https://www.lcsc.com/datasheet/C3911026.pdf","LCSC","https://www.lcsc.com/product-detail/C3911026.html","C3911026","muRata","LQG15WZ10NJ02D","FIXED IND 10nH 500mA 190mΩ 0402"
"J4","1","S4B-PH-K-S(LF)(SN)","","","","#stm32-bt-board-external-footprints:S4B-PH-K-S(LF)(SN)","https://www.lcsc.com/datasheet/C157926.pdf?spm=wm.sxq.inf.ggs___wm.fly.bg.0.xh&lcsc_vid=RlRYUFFURFcNVFIDFVMMXgZSRlJeUABSQVNfAwJfQwIxVlNeTllXUl1SRlVdUjsOAxUeFF5JWBYZEEoKFBINSQcJGk4eFQsCAgIaSgADAwAHC0slRVJfVFZfWQkaCgg%3D","LCSC","https://www.lcsc.com/product-detail/C157926.html","C157926","JST","S4B-PH-K-S(LF)(SN)","CONN HEADER TH R/A 4POS 2mm"
"J2","1","2171790001","","","","#stm32-bt-board-external-footprints:2171790001","https://www.molex.com/content/dam/molex/molex-dot-com/products/automated/en-us/salesdrawingpdf/217/217179/2171790001_sd.pdf?inline\","LCSC","https://www.lcsc.com/product-detail/C3197684.html","C3197684","MOLEX","2171790001","TYPE C 16 PIN TOP MOUNT SMT"
"J1","1","1909763-1","","","","#stm32-bt-board-external-footprints:1909763-1","https://www.lcsc.com/datasheet/C392444.pdf?spm=wm.sxq.inf.ggs___wm.fly.bg.0.xh&lcsc_vid=RlRYUFFURFcNVFIDFVMMXgZSRlJeUABSQVNfAwJfQwIxVlNeTllXUVZVRFVXUDsOAxUeFF5JWBYZEEoKFBINSQcJGk4eFQsCAgIaSgADAwAHC0slRlRZXlZQWQkaCgg%3D","LCSC","https://www.lcsc.com/product-detail/C392444.html","C392444","TE Connectivity","1909763-1","CONN RCPT IPEX 50Ω SMD"
"FL1","1","DLF162500LT-5028A1","","","","#stm32-bt-board-external-footprints:DLF162500LT-5028A1","https://product.tdk.com/en/system/files/dam/doc/product/rf/rf/filter/catalog/rf_lpf_dlf162500lt-5028a1_en.pdf","LCSC","https://www.lcsc.com/product-detail/C531364.html","C531364","TDK","DLF162500LT-5028A1","Multilayer Low Pass Filter For 2400-2500MHz"
"D3","1","VLMS1500-GS08","","","","LED_SMD:LED_0402_1005Metric","https://www.lcsc.com/datasheet/C511370.pdf?spm=wm.sxq.inf.ggs___wm.fly.bg.11.xh&lcsc_vid=RlRYUFFURFcNVFIDFVMMXgZSRlJeUABSQVNfAwJfQwIxVlNeTlddVFRWQVdYUTsOAxUeFF5JWBYZEEoKFBINSQcJGk4NBhADEA4cHktSRlNADxALGw%3D%3D","LCSC","https://www.lcsc.com/product-detail/C511370.html","C511370","VISHAY","VLMS1500-GS08","LED RED 0402 SMD"
"D2","1","BAT54K","","","","Diode_SMD:D_SOD-523","https://www.lcsc.com/datasheet/C283259.pdf?spm=wm.sxq.inf.ggs___wm.fly.bg.0.stp&lcsc_vid=RFZeBFxfRgVYUFRXRFhXUVRVQQJeUAdXQ1FaBAZQEgAxVlNRTlheXl1eQlRYVzsOAxUeFF5JWBYZEEoKFBINSQcJGk4dAgUUFAk%3D","LCSC","https://www.lcsc.com/product-detail/C283259.html","C283259","ST","BAT54KFILM","DIODE SCHOTTKY 40V SOD-523"
"D1","1","VLMB1500-GS08","","","","LED_SMD:LED_0402_1005Metric","https://www.lcsc.com/datasheet/C511042.pdf?spm=wm.sxq.inf.ggs___wm.fly.bg.0.xh&lcsc_vid=RlRYUFFURFcNVFIDFVMMXgZSRlJeUABSQVNfAwJfQwIxVlNeTlddVFRWQVdYUTsOAxUeFF5JWBYZEEoKFBINSQcJGk4NBhADEA4cHktSRlNADxALGw%3D%3D","LCSC","https://www.lcsc.com/product-detail/C511042.html","C511042","VISHAY","VLMB1500-GS08","LED BLUE 0402 SMD"
"C14,C15","2","10p","","","","Capacitor_SMD:C_0402_1005Metric","https://www.lcsc.com/datasheet/C161520.pdf","LCSC","https://www.lcsc.com/product-detail/C161520.html","C161520","muRata","GRM1555C1H100FA01D","CAP CER 10pF 50V C0G 0402"
"C13","1","0p3","","","","Capacitor_SMD:C_0402_1005Metric","https://www.lcsc.com/datasheet/C92338.pdf?spm=wm.sxq.inf.ggs___wm.fly.bg.0.xh&lcsc_vid=RFZeBFxfRgVYUFRXRFhXUVRVQQJeUAdXQ1FaBAZQEgAxVlNRTlheXldQT1JbVDsOAxUeFF5JWBYZEEoKFBINSQcJGk4dAgUUFAk%3D","LCSC","https://www.lcsc.com/product-detail/C92338.html","C92338","muRata","GRM1555C1HR30WA01D","CAP CER 0.3pF 50V C0G 0402"
"C12","1","0p8","","","","Capacitor_SMD:C_0402_1005Metric","https://www.lcsc.com/datasheet/C76988.pdf?spm=wm.sxq.inf.ggs___wm.fly.bg.0.xh&lcsc_vid=RFZeBFxfRgVYUFRXRFhXUVRVQQJeUAdXQ1FaBAZQEgAxVlNRTlheXldWQlFYVzsOAxUeFF5JWBYZEEoKFBINSQcJGk4dAgUUFAk%3D","LCSC","https://www.lcsc.com/product-detail/C76988.html","C76988","muRata","GRM1555C1HR80BA01D","CAP CER 0.8pF 50V C0G 0402"
"C2,C3,C4,C5,C6,C7,C9,C10,C16,C17,C20,C21","12","100n","","","","Capacitor_SMD:C_0402_1005Metric","https://www.lcsc.com/datasheet/C60474.pdf?spm=wm.sxq.inf.ggs___wm.fly.bg.0.xh&lcsc_vid=RlRYUFFURFcNVFIDFVMMXgZSRlJeUABSQVNfAwJfQwIxVlNeTldcUFdQQFNXVTsOAxUeFF5JWBYZEEoKFBINSQcJGk4NBhADEA4cHktXRlVcSQwSGg0%3D","LCSC","https://www.lcsc.com/product-detail/C60474.html","C60474","YAGEO","CC0402KRX7R7BB104","CAP CER 100nF 16V X7R 0402"
"C1,C8,C11,C18,C19","5","4u7","","","","Capacitor_SMD:C_0603_1608Metric","https://www.lcsc.com/datasheet/C307467.pdf?spm=wm.sxq.inf.ggs___wm.fly.bg.5.xh&lcsc_vid=RlRYUFFURFcNVFIDFVMMXgZSRlJeUABSQVNfAwJfQwIxVlNeTldcX1VVRFlfUDsOAxUeFF5JWBYZEEoKFBINSQcJGk4eFQsCAgIaSgADAwAHC0slRlNdUVVXWQkaCgg%3D","LCSC","https://www.lcsc.com/product-detail/C307467.html","C307467","Samsung Electro-Mechanics","CL10A475KL8NRNC","CAP CER 4.7uF 35V X5R 0603"
