Designator,Val,Package,Mid X,Mid Y,Rotation,Layer
C16,,C_0402_1005Metric,25.68,15.4,180,bottom
FID4,Fiducial,Fiducial_1mm_Mask2mm,46,31,180,bottom
FID5,Fiducial,Fiducial_1mm_Mask2mm,46,2,180,bottom
FID6,Fiducial,Fiducial_1mm_Mask2mm,2,31,180,bottom
R4,,R_0402_1005Metric,26.1626,12.857,90,bottom
R5,,R_0402_1005Metric,25.7,14.4,180,bottom
C1,,C_0603_1608Metric,24.2,18,-90,top
C2,,C_0402_1005Metric,24.7,24,180,top
C3,,C_0402_1005Metric,32.88,17.6,0,top
C4,,C_0402_1005Metric,35.1,22.22,-90,top
C5,,C_0402_1005Metric,27.22,27.4,180,top
C6,,C_0402_1005Metric,25.7,20.5,90,top
C7,,C_0402_1005Metric,24.7,20.5,90,top
C8,,C_0603_1608Metric,26.62,29.7,180,top
C9,,C_0402_1005Metric,27.22,28.4,180,top
C10,,C_0402_1005Metric,35.2,25.4,-90,top
C11,,C_0603_1608Metric,30.925,27.7,0,top
C12,,C_0402_1005Metric,36.7,23.4,-90,top
C13,,C_0402_1005Metric,39.7,23.4,-90,top
C14,,C_0402_1005Metric,30.7,15.7,-90,top
C15,,C_0402_1005Metric,27.62,17.3,180,top
C17,,C_0402_1005Metric,32.5,16.5,0,top
C18,,C_0603_1608Metric,11.2,20.3,180,top
C19,,C_0603_1608Metric,11.2,14.5,180,top
C20,,C_0402_1005Metric,18.88,28.3,0,top
C21,,C_0402_1005Metric,8.9,10.28,-90,top
D1,,LED_0402_1005Metric,43.8,18,0,top
D2,,D_SOD-523,32.3,13.6,90,top
D3,,LED_0402_1005Metric,12.085,13.1,0,top
FID1,,Fiducial_1mm_Mask2mm,2,31,0,top
FID2,,Fiducial_1mm_Mask2mm,46,31,0,top
FID3,,Fiducial_1mm_Mask2mm,46,2,0,top
FL1,,DLF162500LT-5028A1,41.0875,23.9,0,top
J1,,1909763-1,45.5,23.9,-90,top
J2,,2171790001,3.151751,23.6,-90,top
J3,,Tag-Connect_TC2030-IDC-FP_2x03_P1.27mm_Vertical,19.4,23.4,-90,top
J4,,S4B-PH-K-S(LF)(SN),6.6,10.795099,-90,top
L1,,L_0402_1005Metric,28.9,27.9136,90,top
L2,,L_0805_2012Metric,30.1375,29.8286,0,top
L3,,L_0402_1005Metric,38.2,23.9,0,top
Q1,,SOT-23,38.6,17.6,0,top
R1,,R_0402_1005Metric,37.4,28.65,90,top
R2,,R_0402_1005Metric,29.52,17.3,0,top
R3,,R_0402_1005Metric,41.7,18,180,top
R6,,R_0402_1005Metric,32.5,15.5,180,top
R7,,R_0402_1005Metric,9.900173,13.1,180,top
R8,,R_0402_1005Metric,4.8,29.3,0,top
R9,,R_0402_1005Metric,4.8,17.9,0,top
R10,,R_0402_1005Metric,15.0826,8.7714,0,top
R11,,R_0402_1005Metric,15.0826,6.8664,0,top
R13,,R_0402_1005Metric,35.6,20,0,top
R16,,R_0402_1005Metric,37.6,20,180,top
SW1,,B3U-1000P,23.01,5.6,90,top
SW2,,B3U-1000P,30.6,5.6,90,top
U1,,TSOT-23-5,10.9,17.3625,-90,top
U2,,SOT-23-6,10.8,23.6,0,top
U3,,SOT-23-6,11.7826,7.8,0,top
U4,,QFN-48-1EP_7x7mm_P0.5mm_EP5.6x5.6mm,30.4,22.7,90,top
X1,,Crystal_SMD_2016-4Pin_2.0x1.6mm,35.3,28.65,180,top
X2,,Crystal_SMD_2012-2Pin_2.0x1.2mm,28.62,15.6,180,top
